module,page_path,source_type,current_version,comparison_target,change_class,owner,evidence_refs,draft_status,publish_blocker,writing_slice,audience,priority
ROOT,ROOT/pages/index.adoc,authored,trunk,cassandra-5.0,unchanged,unassigned,delta-catalog:root.md,not-started,no,,,
architecture,cassandra/pages/architecture/accord-architecture.adoc,authored,trunk,cassandra-5.0,minor-update,unassigned,CASSANDRA-17092-accord.md;delta-catalog:architecture.md,not-started,no,ops-release-critical,operators,release-critical
architecture,cassandra/pages/architecture/accord.adoc,authored,trunk,cassandra-5.0,minor-update,unassigned,CASSANDRA-17092-accord.md;delta-catalog:architecture.md,not-started,no,ops-release-critical,operators,release-critical
architecture,cassandra/pages/architecture/cql-on-accord.adoc,authored,trunk,cassandra-5.0,minor-update,unassigned,CASSANDRA-17092-accord.md;delta-catalog:architecture.md,not-started,no,dev-release-critical,developers,release-critical
architecture,cassandra/pages/architecture/dynamo.adoc,authored,trunk,cassandra-5.0,major-update,unassigned,CASSANDRA-19488-snitch-deprecation.md;delta-catalog:architecture.md,not-started,no,ops-critical,operators,operator-critical
architecture,cassandra/pages/architecture/guarantees.adoc,authored,trunk,cassandra-5.0,unchanged,unassigned,delta-catalog:architecture.md,not-started,no,,,
architecture,cassandra/pages/architecture/index.adoc,authored,trunk,cassandra-5.0,minor-update,unassigned,delta-catalog:architecture.md,not-started,no,ops-standard,operators,standard
architecture,cassandra/pages/architecture/messaging.adoc,authored,trunk,cassandra-5.0,unchanged,unassigned,delta-catalog:architecture.md,not-started,no,,,
architecture,cassandra/pages/architecture/overview.adoc,authored,trunk,cassandra-5.0,unchanged,unassigned,delta-catalog:architecture.md,not-started,no,,,
architecture,cassandra/pages/architecture/storage-engine.adoc,authored,trunk,cassandra-5.0,unchanged,unassigned,delta-catalog:architecture.md,not-started,no,,,
architecture,cassandra/pages/architecture/streaming.adoc,authored,trunk,cassandra-5.0,unchanged,unassigned,delta-catalog:architecture.md,not-started,no,,,
developing/cql,cassandra/pages/developing/cql/SASI.adoc,authored,trunk,cassandra-5.0,major-update,unassigned,CASSANDRA-17198-like-expressions.md;delta-catalog:developing-cql.md,not-started,no,dev-standard,developers,standard
developing/cql,cassandra/pages/developing/cql/appendices.adoc,authored,trunk,cassandra-5.0,unchanged,unassigned,delta-catalog:developing-cql.md,not-started,no,,,
developing/cql,cassandra/pages/developing/cql/batch/batch-good-example.adoc,authored,trunk,cassandra-5.0,unchanged,unassigned,delta-catalog:developing-cql.md,not-started,no,,,
developing/cql,cassandra/pages/developing/cql/changes.adoc,authored,trunk,cassandra-5.0,minor-update,unassigned,CASSANDRA-19947-constraints.md;delta-catalog:developing-cql.md,not-started,no,dev-deferred,developers,deferred
developing/cql,cassandra/pages/developing/cql/collections/collection-create.adoc,authored,trunk,cassandra-5.0,unchanged,unassigned,delta-catalog:developing-cql.md,not-started,no,,,
developing/cql,cassandra/pages/developing/cql/collections/collections-overview.adoc,authored,trunk,cassandra-5.0,unchanged,unassigned,delta-catalog:developing-cql.md,not-started,no,,,
developing/cql,cassandra/pages/developing/cql/collections/list.adoc,authored,trunk,cassandra-5.0,major-update,unassigned,CASSANDRA-18492-sai-frozen-collections.md;delta-catalog:developing-cql.md,not-started,no,dev-standard,developers,standard
developing/cql,cassandra/pages/developing/cql/collections/map.adoc,authored,trunk,cassandra-5.0,major-update,unassigned,CASSANDRA-18492-sai-frozen-collections.md;delta-catalog:developing-cql.md,not-started,no,dev-standard,developers,standard
developing/cql,cassandra/pages/developing/cql/collections/set.adoc,authored,trunk,cassandra-5.0,major-update,unassigned,CASSANDRA-18492-sai-frozen-collections.md;delta-catalog:developing-cql.md,not-started,no,dev-standard,developers,standard
developing/cql,cassandra/pages/developing/cql/constraints.adoc,authored,trunk,cassandra-5.0,minor-update,unassigned,CASSANDRA-19947-constraints.md;delta-catalog:developing-cql.md,not-started,no,dev-standard,developers,standard
developing/cql,cassandra/pages/developing/cql/counter-column.adoc,authored,trunk,cassandra-5.0,unchanged,unassigned,delta-catalog:developing-cql.md,not-started,no,,,
developing/cql,cassandra/pages/developing/cql/cql_singlefile.adoc,authored,trunk,cassandra-5.0,major-update,unassigned,CASSANDRA-19964-create-table-like.md;CASSANDRA-18584-not-operators.md;CASSANDRA-17198-like-expressions.md;CASSANDRA-20943-schema-annotations.md;delta-catalog:developing-cql.md,not-started,yes,dev-release-critical,developers,release-critical
developing/cql,cassandra/pages/developing/cql/create-custom-index.adoc,authored,trunk,cassandra-5.0,unchanged,unassigned,delta-catalog:developing-cql.md,not-started,no,,,
developing/cql,cassandra/pages/developing/cql/create-index.adoc,authored,trunk,cassandra-5.0,unchanged,unassigned,delta-catalog:developing-cql.md,not-started,no,,,
developing/cql,cassandra/pages/developing/cql/ddl.adoc,authored,trunk,cassandra-5.0,major-update,unassigned,CASSANDRA-19964-create-table-like.md;CASSANDRA-20943-schema-annotations.md;CASSANDRA-19947-constraints.md;delta-catalog:developing-cql.md,not-started,yes,dev-standard,developers,standard
developing/cql,cassandra/pages/developing/cql/definitions.adoc,authored,trunk,cassandra-5.0,minor-update,unassigned,CASSANDRA-19947-constraints.md;delta-catalog:developing-cql.md,not-started,no,dev-deferred,developers,deferred
developing/cql,cassandra/pages/developing/cql/dml.adoc,authored,trunk,cassandra-5.0,major-update,unassigned,CASSANDRA-14227-ttl-2106.md;CASSANDRA-19947-constraints.md;CASSANDRA-18112-index-selection.md;CASSANDRA-18584-not-operators.md;CASSANDRA-17198-like-expressions.md;CASSANDRA-19604-between-operator.md;CASSANDRA-20477-cas-decrement.md;delta-catalog:developing-cql.md,not-started,yes,dev-release-critical,developers,release-critical
developing/cql,cassandra/pages/developing/cql/drop-index.adoc,authored,trunk,cassandra-5.0,unchanged,unassigned,delta-catalog:developing-cql.md,not-started,no,,,
developing/cql,cassandra/pages/developing/cql/dynamic-data-masking.adoc,authored,trunk,cassandra-5.0,unchanged,unassigned,delta-catalog:developing-cql.md,not-started,no,,,
developing/cql,cassandra/pages/developing/cql/functions.adoc,authored,trunk,cassandra-5.0,major-update,unassigned,CASSANDRA-20102-string-functions.md;CASSANDRA-19546-format-functions.md;delta-catalog:developing-cql.md,not-started,no,dev-standard,developers,standard
developing/cql,cassandra/pages/developing/cql/index.adoc,authored,trunk,cassandra-5.0,minor-update,unassigned,delta-catalog:developing-cql.md,not-started,no,dev-deferred,developers,deferred
developing/cql,cassandra/pages/developing/cql/indexes.adoc,authored,trunk,cassandra-5.0,unchanged,unassigned,delta-catalog:developing-cql.md,not-started,no,,,
developing/cql,cassandra/pages/developing/cql/indexing/2i/2i-concepts.adoc,authored,trunk,cassandra-5.0,unchanged,unassigned,delta-catalog:developing-cql.md,not-started,no,,,
developing/cql,cassandra/pages/developing/cql/indexing/2i/2i-overview.adoc,authored,trunk,cassandra-5.0,unchanged,unassigned,delta-catalog:developing-cql.md,not-started,no,,,
developing/cql,cassandra/pages/developing/cql/indexing/2i/2i-when-to-use.adoc,authored,trunk,cassandra-5.0,unchanged,unassigned,delta-catalog:developing-cql.md,not-started,no,,,
developing/cql,cassandra/pages/developing/cql/indexing/2i/2i-working-with.adoc,authored,trunk,cassandra-5.0,unchanged,unassigned,delta-catalog:developing-cql.md,not-started,no,,,
developing/cql,cassandra/pages/developing/cql/indexing/2i/_2i-alter.adoc,authored,trunk,cassandra-5.0,unchanged,unassigned,delta-catalog:developing-cql.md,not-started,no,,,
developing/cql,cassandra/pages/developing/cql/indexing/2i/_2i-check.adoc,authored,trunk,cassandra-5.0,unchanged,unassigned,delta-catalog:developing-cql.md,not-started,no,,,
developing/cql,cassandra/pages/developing/cql/indexing/2i/_2i-create-on-collection.adoc,authored,trunk,cassandra-5.0,unchanged,unassigned,delta-catalog:developing-cql.md,not-started,no,,,
developing/cql,cassandra/pages/developing/cql/indexing/2i/_2i-create.adoc,authored,trunk,cassandra-5.0,unchanged,unassigned,delta-catalog:developing-cql.md,not-started,no,,,
developing/cql,cassandra/pages/developing/cql/indexing/2i/_2i-drop.adoc,authored,trunk,cassandra-5.0,unchanged,unassigned,delta-catalog:developing-cql.md,not-started,no,,,
developing/cql,cassandra/pages/developing/cql/indexing/2i/_2i-query.adoc,authored,trunk,cassandra-5.0,unchanged,unassigned,delta-catalog:developing-cql.md,not-started,no,,,
developing/cql,cassandra/pages/developing/cql/indexing/2i/operations/2i-build.adoc,authored,trunk,cassandra-5.0,unchanged,unassigned,delta-catalog:developing-cql.md,not-started,no,,,
developing/cql,cassandra/pages/developing/cql/indexing/indexing-concepts.adoc,authored,trunk,cassandra-5.0,unchanged,unassigned,delta-catalog:developing-cql.md,not-started,no,,,
developing/cql,cassandra/pages/developing/cql/indexing/sai/.index-table.adoc,authored,trunk,cassandra-5.0,unchanged,unassigned,delta-catalog:developing-cql.md,not-started,no,,,
developing/cql,cassandra/pages/developing/cql/indexing/sai/_collections-list.adoc,authored,trunk,cassandra-5.0,major-update,unassigned,CASSANDRA-18492-sai-frozen-collections.md;delta-catalog:developing-cql.md,not-started,no,dev-standard,developers,standard
developing/cql,cassandra/pages/developing/cql/indexing/sai/_collections-map.adoc,authored,trunk,cassandra-5.0,major-update,unassigned,CASSANDRA-18492-sai-frozen-collections.md;delta-catalog:developing-cql.md,not-started,no,dev-standard,developers,standard
developing/cql,cassandra/pages/developing/cql/indexing/sai/_collections-set.adoc,authored,trunk,cassandra-5.0,major-update,unassigned,CASSANDRA-18492-sai-frozen-collections.md;delta-catalog:developing-cql.md,not-started,no,dev-standard,developers,standard
developing/cql,cassandra/pages/developing/cql/indexing/sai/_composite-partition-key-index.adoc,authored,trunk,cassandra-5.0,unchanged,unassigned,delta-catalog:developing-cql.md,not-started,no,,,
developing/cql,cassandra/pages/developing/cql/indexing/sai/_multiple-index-match-with-and.adoc,authored,trunk,cassandra-5.0,unchanged,unassigned,delta-catalog:developing-cql.md,not-started,no,,,
developing/cql,cassandra/pages/developing/cql/indexing/sai/_multiple-index-match-with-in.adoc,authored,trunk,cassandra-5.0,unchanged,unassigned,delta-catalog:developing-cql.md,not-started,no,,,
developing/cql,cassandra/pages/developing/cql/indexing/sai/_multiple-index-match-with-or.adoc,authored,trunk,cassandra-5.0,unchanged,unassigned,delta-catalog:developing-cql.md,not-started,no,,,
developing/cql,cassandra/pages/developing/cql/indexing/sai/_sai-alter.adoc,authored,trunk,cassandra-5.0,unchanged,unassigned,delta-catalog:developing-cql.md,not-started,no,,,
developing/cql,cassandra/pages/developing/cql/indexing/sai/_sai-check.adoc,authored,trunk,cassandra-5.0,unchanged,unassigned,delta-catalog:developing-cql.md,not-started,no,,,
developing/cql,cassandra/pages/developing/cql/indexing/sai/_sai-create.adoc,authored,trunk,cassandra-5.0,unchanged,unassigned,delta-catalog:developing-cql.md,not-started,no,,,
developing/cql,cassandra/pages/developing/cql/indexing/sai/_sai-drop.adoc,authored,trunk,cassandra-5.0,unchanged,unassigned,delta-catalog:developing-cql.md,not-started,no,,,
developing/cql,cassandra/pages/developing/cql/indexing/sai/_single-index-match.adoc,authored,trunk,cassandra-5.0,unchanged,unassigned,delta-catalog:developing-cql.md,not-started,no,,,
developing/cql,cassandra/pages/developing/cql/indexing/sai/_single-index-with-case-sensitive.adoc,authored,trunk,cassandra-5.0,unchanged,unassigned,delta-catalog:developing-cql.md,not-started,no,,,
developing/cql,cassandra/pages/developing/cql/indexing/sai/_user-defined-type-match.adoc,authored,trunk,cassandra-5.0,unchanged,unassigned,delta-catalog:developing-cql.md,not-started,no,,,
developing/cql,cassandra/pages/developing/cql/indexing/sai/_vector-search.adoc,authored,trunk,cassandra-5.0,unchanged,unassigned,delta-catalog:developing-cql.md,not-started,no,,,
developing/cql,cassandra/pages/developing/cql/indexing/sai/collections.adoc,authored,trunk,cassandra-5.0,major-update,unassigned,CASSANDRA-18492-sai-frozen-collections.md;delta-catalog:developing-cql.md,not-started,no,dev-standard,developers,standard
developing/cql,cassandra/pages/developing/cql/indexing/sai/operations/configuring.adoc,authored,trunk,cassandra-5.0,unchanged,unassigned,delta-catalog:developing-cql.md,not-started,no,,,
developing/cql,cassandra/pages/developing/cql/indexing/sai/operations/monitoring.adoc,authored,trunk,cassandra-5.0,minor-update,unassigned,delta-catalog:developing-cql.md,not-started,no,dev-deferred,developers,deferred
developing/cql,cassandra/pages/developing/cql/indexing/sai/operations/sai-operations.adoc,authored,trunk,cassandra-5.0,unchanged,unassigned,delta-catalog:developing-cql.md,not-started,no,,,
developing/cql,cassandra/pages/developing/cql/indexing/sai/sai-concepts.adoc,authored,trunk,cassandra-5.0,major-update,unassigned,CASSANDRA-18492-sai-frozen-collections.md;delta-catalog:developing-cql.md,not-started,no,dev-standard,developers,standard
developing/cql,cassandra/pages/developing/cql/indexing/sai/sai-faq.adoc,authored,trunk,cassandra-5.0,major-update,unassigned,CASSANDRA-18492-sai-frozen-collections.md;delta-catalog:developing-cql.md,not-started,no,dev-standard,developers,standard
developing/cql,cassandra/pages/developing/cql/indexing/sai/sai-overview.adoc,authored,trunk,cassandra-5.0,unchanged,unassigned,delta-catalog:developing-cql.md,not-started,no,,,
developing/cql,cassandra/pages/developing/cql/indexing/sai/sai-query.adoc,authored,trunk,cassandra-5.0,unchanged,unassigned,delta-catalog:developing-cql.md,not-started,no,,,
developing/cql,cassandra/pages/developing/cql/indexing/sai/sai-read-write-paths.adoc,authored,trunk,cassandra-5.0,minor-update,unassigned,CASSANDRA-18112-index-selection.md;delta-catalog:developing-cql.md,not-started,no,dev-deferred,developers,deferred
developing/cql,cassandra/pages/developing/cql/indexing/sai/sai-working-with.adoc,authored,trunk,cassandra-5.0,unchanged,unassigned,delta-catalog:developing-cql.md,not-started,no,,,
developing/cql,cassandra/pages/developing/cql/json.adoc,authored,trunk,cassandra-5.0,unchanged,unassigned,delta-catalog:developing-cql.md,not-started,no,,,
developing/cql,cassandra/pages/developing/cql/mvs.adoc,authored,trunk,cassandra-5.0,unchanged,unassigned,delta-catalog:developing-cql.md,not-started,no,,,
developing/cql,cassandra/pages/developing/cql/operators.adoc,authored,trunk,cassandra-5.0,unchanged,unassigned,delta-catalog:developing-cql.md,not-started,no,,,
developing/cql,cassandra/pages/developing/cql/security.adoc,authored,trunk,cassandra-5.0,major-update,unassigned,CASSANDRA-19417-list-superusers.md;delta-catalog:developing-cql.md,not-started,no,dev-release-critical,developers,release-critical
developing/cql,cassandra/pages/developing/cql/triggers.adoc,authored,trunk,cassandra-5.0,minor-update,unassigned,CASSANDRA-19532-triggers-policy.md;delta-catalog:developing-cql.md,not-started,no,dev-deferred,developers,deferred
developing/cql,cassandra/pages/developing/cql/types.adoc,authored,trunk,cassandra-5.0,minor-update,unassigned,delta-catalog:developing-cql.md,not-started,no,dev-deferred,developers,deferred
developing/data-modeling,cassandra/pages/developing/data-modeling/data-modeling_conceptual.adoc,authored,trunk,cassandra-5.0,unchanged,unassigned,delta-catalog:developing-data-modeling.md,not-started,no,,,
developing/data-modeling,cassandra/pages/developing/data-modeling/data-modeling_logical.adoc,authored,trunk,cassandra-5.0,unchanged,unassigned,delta-catalog:developing-data-modeling.md,not-started,no,,,
developing/data-modeling,cassandra/pages/developing/data-modeling/data-modeling_physical.adoc,authored,trunk,cassandra-5.0,unchanged,unassigned,delta-catalog:developing-data-modeling.md,not-started,no,,,
developing/data-modeling,cassandra/pages/developing/data-modeling/data-modeling_queries.adoc,authored,trunk,cassandra-5.0,unchanged,unassigned,delta-catalog:developing-data-modeling.md,not-started,no,,,
developing/data-modeling,cassandra/pages/developing/data-modeling/data-modeling_rdbms.adoc,authored,trunk,cassandra-5.0,unchanged,unassigned,delta-catalog:developing-data-modeling.md,not-started,no,,,
developing/data-modeling,cassandra/pages/developing/data-modeling/data-modeling_refining.adoc,authored,trunk,cassandra-5.0,unchanged,unassigned,delta-catalog:developing-data-modeling.md,not-started,no,,,
developing/data-modeling,cassandra/pages/developing/data-modeling/data-modeling_schema.adoc,authored,trunk,cassandra-5.0,unchanged,unassigned,delta-catalog:developing-data-modeling.md,not-started,no,,,
developing/data-modeling,cassandra/pages/developing/data-modeling/data-modeling_tools.adoc,authored,trunk,cassandra-5.0,unchanged,unassigned,delta-catalog:developing-data-modeling.md,not-started,no,,,
developing/data-modeling,cassandra/pages/developing/data-modeling/index.adoc,authored,trunk,cassandra-5.0,unchanged,unassigned,delta-catalog:developing-data-modeling.md,not-started,no,,,
developing/data-modeling,cassandra/pages/developing/data-modeling/intro.adoc,authored,trunk,cassandra-5.0,unchanged,unassigned,delta-catalog:developing-data-modeling.md,not-started,no,,,
developing,cassandra/pages/developing/index.adoc,authored,trunk,cassandra-5.0,minor-update,unassigned,delta-catalog:developing-cql.md,not-started,no,dev-deferred,developers,deferred
getting-started,cassandra/pages/getting-started/cassandra-quickstart.adoc,authored,trunk,cassandra-5.0,unchanged,unassigned,delta-catalog:getting-started.md,not-started,no,,,
getting-started,cassandra/pages/getting-started/configuring.adoc,authored,trunk,cassandra-5.0,unchanged,unassigned,delta-catalog:getting-started.md,not-started,no,,,
getting-started,cassandra/pages/getting-started/drivers.adoc,authored,trunk,cassandra-5.0,minor-update,unassigned,delta-catalog:getting-started.md,not-started,no,dev-deferred,developers,deferred
getting-started,cassandra/pages/getting-started/index.adoc,authored,trunk,cassandra-5.0,unchanged,unassigned,delta-catalog:getting-started.md,not-started,no,,,
getting-started,cassandra/pages/getting-started/mtlsauthenticators.adoc,authored,trunk,cassandra-5.0,minor-update,unassigned,delta-catalog:getting-started.md,not-started,no,ops-critical,operators,operator-critical
getting-started,cassandra/pages/getting-started/production.adoc,authored,trunk,cassandra-5.0,major-update,unassigned,CASSANDRA-19488-snitch-deprecation.md;CASSANDRA-18831-jdk21-zgc.md;delta-catalog:getting-started.md,not-started,no,ops-critical,operators,operator-critical
getting-started,cassandra/pages/getting-started/querying.adoc,authored,trunk,cassandra-5.0,unchanged,unassigned,delta-catalog:getting-started.md,not-started,no,,,
getting-started,cassandra/pages/getting-started/sai-quickstart.adoc,authored,trunk,cassandra-5.0,unchanged,unassigned,delta-catalog:getting-started.md,not-started,no,,,
getting-started,cassandra/pages/getting-started/vector-search-quickstart.adoc,authored,trunk,cassandra-5.0,unchanged,unassigned,delta-catalog:getting-started.md,not-started,no,,,
installing,cassandra/pages/installing/installing.adoc,authored,trunk,cassandra-5.0,minor-update,unassigned,CASSANDRA-18688-runtime-environment-changes.md;delta-catalog:installing.md,not-started,no,ops-standard,operators,standard
integrating,cassandra/pages/integrating/plugins/index.adoc,authored,trunk,cassandra-5.0,minor-update,unassigned,delta-catalog:integrating.md,not-started,no,ops-deferred,operators,deferred
managing/configuration,cassandra/pages/managing/configuration/cass_cl_archive_file.adoc,authored,trunk,cassandra-5.0,unchanged,unassigned,delta-catalog:managing-configuration.md,not-started,no,,,
managing/configuration,cassandra/pages/managing/configuration/cass_env_sh_file.adoc,authored,trunk,cassandra-5.0,major-update,unassigned,CASSANDRA-11695-jmx-server-options.md;delta-catalog:managing-configuration.md,not-started,no,ops-critical,operators,operator-critical
managing/configuration,cassandra/pages/managing/configuration/cass_jvm_options_file.adoc,authored,trunk,cassandra-5.0,major-update,unassigned,CASSANDRA-18831-jdk21-zgc.md;delta-catalog:managing-configuration.md,not-started,no,ops-critical,operators,operator-critical
managing/configuration,cassandra/pages/managing/configuration/cass_logback_xml_file.adoc,authored,trunk,cassandra-5.0,major-update,unassigned,delta-catalog:managing-configuration.md,not-started,no,ops-deferred,operators,deferred
managing/configuration,cassandra/pages/managing/configuration/cass_rackdc_file.adoc,authored,trunk,cassandra-5.0,major-update,unassigned,CASSANDRA-19488-snitch-deprecation.md;CASSANDRA-20528-topology-dc-rack.md;delta-catalog:managing-configuration.md,not-started,no,ops-critical,operators,operator-critical
managing/configuration,cassandra/pages/managing/configuration/cass_topo_file.adoc,authored,trunk,cassandra-5.0,major-update,unassigned,CASSANDRA-19488-snitch-deprecation.md;CASSANDRA-20528-topology-dc-rack.md;delta-catalog:managing-configuration.md,not-started,no,ops-critical,operators,operator-critical
managing/configuration,cassandra/pages/managing/configuration/cass_yaml_file.adoc,generated,trunk,cassandra-5.0,generated-review,unassigned,CASSANDRA-19809-deterministic-table-id.md;CASSANDRA-11695-jmx-server-options.md;CASSANDRA-19987-direct-io-compaction.md;CASSANDRA-20943-schema-annotations.md;CASSANDRA-19385-disconnect-revoked-roles.md;CASSANDRA-18951-security-config-additions.md;CASSANDRA-20749-env-var-overrides.md;delta-catalog:managing-configuration.md,not-started,regen-required,generated,reference,release-critical
managing/configuration,cassandra/pages/managing/configuration/configuration.adoc,authored,trunk,cassandra-5.0,major-update,unassigned,CASSANDRA-14227-ttl-2106.md;CASSANDRA-19488-snitch-deprecation.md;delta-catalog:managing-configuration.md,not-started,no,ops-release-critical,operators,release-critical
managing/configuration,cassandra/pages/managing/configuration/index.adoc,authored,trunk,cassandra-5.0,unchanged,unassigned,delta-catalog:managing-configuration.md,not-started,no,,,
managing,cassandra/pages/managing/index.adoc,authored,trunk,cassandra-5.0,unchanged,unassigned,delta-catalog:no-changes-found,not-started,no,,,
managing/operating,cassandra/pages/managing/operating/async-profiler.adoc,authored,trunk,cassandra-5.0,minor-update,unassigned,CASSANDRA-20854-async-profiler.md;delta-catalog:managing-operating.md,not-started,no,ops-deferred,operators,deferred
managing/operating,cassandra/pages/managing/operating/audit_logging.adoc,authored,trunk,cassandra-5.0,minor-update,unassigned,CASSANDRA-19792-audit-logging-config.md;CASSANDRA-18831-chronicle-queue-rolling.md;delta-catalog:managing-operating.md,not-started,no,ops-standard,operators,standard
managing/operating,cassandra/pages/managing/operating/auditlogging.adoc,authored,trunk,cassandra-5.0,minor-update,unassigned,delta-catalog:managing-operating.md,not-started,no,ops-standard,operators,standard
managing/operating,cassandra/pages/managing/operating/auto_repair.adoc,authored,trunk,cassandra-5.0,minor-update,unassigned,CASSANDRA-19918-auto-repair.md;delta-catalog:managing-operating.md,not-started,no,ops-standard,operators,standard
managing/operating,cassandra/pages/managing/operating/backups.adoc,authored,trunk,cassandra-5.0,major-update,unassigned,CASSANDRA-18111-snapshot-mbean.md;delta-catalog:managing-operating.md,not-started,no,ops-standard,operators,standard
managing/operating,cassandra/pages/managing/operating/bloom_filters.adoc,authored,trunk,cassandra-5.0,unchanged,unassigned,delta-catalog:managing-operating.md,not-started,no,,,
managing/operating,cassandra/pages/managing/operating/bulk_loading.adoc,authored,trunk,cassandra-5.0,minor-update,unassigned,delta-catalog:managing-operating.md,not-started,no,ops-deferred,operators,deferred
managing/operating,cassandra/pages/managing/operating/cdc.adoc,authored,trunk,cassandra-5.0,unchanged,unassigned,delta-catalog:managing-operating.md,not-started,no,,,
managing/operating,cassandra/pages/managing/operating/cluster-metadata.adoc,authored,trunk,cassandra-5.0,new,unassigned,CASSANDRA-18330-cluster-metadata.md;CASSANDRA-19581-cms-nodetool-commands.md,not-started,yes,ops-release-critical,operators,release-critical
managing/operating,cassandra/pages/managing/operating/compaction/index.adoc,authored,trunk,cassandra-5.0,unchanged,unassigned,delta-catalog:managing-operating.md,not-started,no,,,
managing/operating,cassandra/pages/managing/operating/compaction/lcs.adoc,authored,trunk,cassandra-5.0,unchanged,unassigned,delta-catalog:managing-operating.md,not-started,no,,,
managing/operating,cassandra/pages/managing/operating/compaction/overview.adoc,authored,trunk,cassandra-5.0,minor-update,unassigned,CASSANDRA-20081-compactionhistory.md;delta-catalog:managing-operating.md,not-started,no,ops-standard,operators,standard
managing/operating,cassandra/pages/managing/operating/compaction/stcs.adoc,authored,trunk,cassandra-5.0,unchanged,unassigned,delta-catalog:managing-operating.md,not-started,no,,,
managing/operating,cassandra/pages/managing/operating/compaction/tombstones.adoc,authored,trunk,cassandra-5.0,major-update,unassigned,delta-catalog:managing-operating.md,not-started,no,ops-standard,operators,standard
managing/operating,cassandra/pages/managing/operating/compaction/twcs.adoc,authored,trunk,cassandra-5.0,unchanged,unassigned,delta-catalog:managing-operating.md,not-started,no,,,
managing/operating,cassandra/pages/managing/operating/compaction/ucs.adoc,authored,trunk,cassandra-5.0,minor-update,unassigned,CASSANDRA-18802-compaction-parallelization.md;delta-catalog:managing-operating.md,not-started,no,ops-standard,operators,standard
managing/operating,cassandra/pages/managing/operating/compression.adoc,authored,trunk,cassandra-5.0,major-update,unassigned,CASSANDRA-17021-zstd-dictionary.md;CASSANDRA-20941-compressiondictionary.md;delta-catalog:managing-operating.md,not-started,no,ops-standard,operators,standard
managing/operating,cassandra/pages/managing/operating/denylisting_partitions.adoc,authored,trunk,cassandra-5.0,unchanged,unassigned,delta-catalog:managing-operating.md,not-started,no,,,
managing/operating,cassandra/pages/managing/operating/fqllogging.adoc,authored,trunk,cassandra-5.0,minor-update,unassigned,CASSANDRA-18831-chronicle-queue-rolling.md;delta-catalog:managing-operating.md,not-started,no,ops-standard,operators,standard
managing/operating,cassandra/pages/managing/operating/guardrails.adoc,authored,trunk,cassandra-5.0,new,unassigned,CASSANDRA-18781-bulk-loading-guardrail.md;CASSANDRA-20913-durable-writes-guardrail.md;CASSANDRA-21024-disk-usage-guardrails.md;CASSANDRA-19677-per-type-max-size.md,not-started,yes,ops-critical,operators,operator-critical
managing/operating,cassandra/pages/managing/operating/hardware.adoc,authored,trunk,cassandra-5.0,unchanged,unassigned,delta-catalog:managing-operating.md,not-started,no,,,
managing/operating,cassandra/pages/managing/operating/hints.adoc,authored,trunk,cassandra-5.0,minor-update,unassigned,delta-catalog:managing-operating.md,not-started,no,ops-standard,operators,standard
managing/operating,cassandra/pages/managing/operating/index.adoc,authored,trunk,cassandra-5.0,minor-update,unassigned,delta-catalog:managing-operating.md,not-started,no,ops-deferred,operators,deferred
managing/operating,cassandra/pages/managing/operating/logging.adoc,authored,trunk,cassandra-5.0,unchanged,unassigned,delta-catalog:managing-operating.md,not-started,no,,,
managing/operating,cassandra/pages/managing/operating/metrics.adoc,authored,trunk,cassandra-5.0,major-update,unassigned,CASSANDRA-19918-auto-repair.md;CASSANDRA-18111-snapshot-mbean.md;CASSANDRA-19366-auth-mode-clients.md;CASSANDRA-20466-metrics-surface-changes.md;delta-catalog:managing-operating.md,not-started,no,ops-standard,operators,standard
managing/operating,cassandra/pages/managing/operating/onboarding-to-accord.adoc,authored,trunk,cassandra-5.0,minor-update,unassigned,CASSANDRA-18330-cluster-metadata.md;CASSANDRA-17092-accord.md;delta-catalog:managing-operating.md,not-started,no,ops-release-critical,operators,release-critical
managing/operating,cassandra/pages/managing/operating/password_validation.adoc,authored,trunk,cassandra-5.0,minor-update,unassigned,CASSANDRA-17457-password-validation.md;delta-catalog:managing-operating.md,not-started,no,ops-critical,operators,operator-critical
managing/operating,cassandra/pages/managing/operating/read_repair.adoc,authored,trunk,cassandra-5.0,unchanged,unassigned,delta-catalog:managing-operating.md,not-started,no,,,
managing/operating,cassandra/pages/managing/operating/repair.adoc,authored,trunk,cassandra-5.0,minor-update,unassigned,CASSANDRA-19918-auto-repair.md;delta-catalog:managing-operating.md,not-started,no,ops-standard,operators,standard
managing/operating,cassandra/pages/managing/operating/role_name_generation.adoc,authored,trunk,cassandra-5.0,minor-update,unassigned,CASSANDRA-17457-password-validation.md;delta-catalog:managing-operating.md,not-started,no,ops-critical,operators,operator-critical
managing/operating,cassandra/pages/managing/operating/security.adoc,authored,trunk,cassandra-5.0,major-update,unassigned,CASSANDRA-19397-native-transport-ssl.md;CASSANDRA-11695-jmx-server-options.md;CASSANDRA-17457-password-validation.md;CASSANDRA-18951-security-config-additions.md;CASSANDRA-19385-disconnect-revoked-roles.md;delta-catalog:managing-operating.md,not-started,yes,ops-critical,operators,operator-critical
managing/operating,cassandra/pages/managing/operating/snitch.adoc,authored,trunk,cassandra-5.0,major-update,unassigned,CASSANDRA-18330-cluster-metadata.md;CASSANDRA-19488-snitch-deprecation.md;CASSANDRA-20528-topology-dc-rack.md;delta-catalog:managing-operating.md,not-started,no,ops-critical,operators,operator-critical
managing/operating,cassandra/pages/managing/operating/startup-checks-spi.adoc,authored,trunk,cassandra-5.0,new,unassigned,CASSANDRA-21093-startup-checks-spi.md,not-started,yes,ops-critical,operators,operator-critical
managing/operating,cassandra/pages/managing/operating/topo_changes.adoc,authored,trunk,cassandra-5.0,unchanged,unassigned,delta-catalog:managing-operating.md,not-started,no,,,
managing/operating,cassandra/pages/managing/operating/transientreplication.adoc,authored,trunk,cassandra-5.0,unchanged,unassigned,delta-catalog:managing-operating.md,not-started,no,,,
managing/operating,cassandra/pages/managing/operating/virtualtables.adoc,authored,trunk,cassandra-5.0,major-update,unassigned,CASSANDRA-18330-cluster-metadata.md;CASSANDRA-19366-auth-mode-clients.md;CASSANDRA-18111-snapshot-mbean.md;CASSANDRA-19289-tpstats-verbose.md;CASSANDRA-13001-slow-queries-vtable.md;CASSANDRA-14572-metrics-virtual-tables.md;CASSANDRA-20466-metrics-surface-changes.md;CASSANDRA-20161-partition-key-statistics.md;CASSANDRA-20858-uncaught-exceptions-vtable.md;delta-catalog:managing-operating.md,not-started,no,ops-standard,operators,standard
managing/tools,cassandra/pages/managing/tools/cqlsh.adoc,authored,trunk,cassandra-5.0,minor-update,unassigned,delta-catalog:managing-tools.md,not-started,no,dev-deferred,developers,deferred
managing/tools,cassandra/pages/managing/tools/index.adoc,authored,trunk,cassandra-5.0,unchanged,unassigned,delta-catalog:managing-tools.md,not-started,no,,,
managing/tools,cassandra/pages/managing/tools/nodetool/*.adoc,generated,trunk,cassandra-5.0,generated-review,unassigned,CASSANDRA-17445-nodetool-picocli.md;CASSANDRA-20949-sai-verify.md;CASSANDRA-20851-nodetool-history.md;CASSANDRA-20081-compactionhistory.md;CASSANDRA-20941-compressiondictionary.md;CASSANDRA-19671-nodetool-stats-formatting.md;delta-catalog:managing-tools.md,not-started,regen-required,generated,reference,release-critical
managing/tools,cassandra/pages/managing/tools/nodetool/altertopology.adoc,generated,trunk,cassandra-5.0,new,unassigned,CASSANDRA-20528-topology-dc-rack.md,not-started,yes,ops-critical,operators,operator-critical
managing/tools,cassandra/pages/managing/tools/sstable/index.adoc,authored,trunk,cassandra-5.0,unchanged,unassigned,delta-catalog:managing-tools.md,not-started,no,,,
managing/tools,cassandra/pages/managing/tools/sstable/sstabledump.adoc,authored,trunk,cassandra-5.0,minor-update,unassigned,CASSANDRA-19939-sstabledump-tombstones.md;delta-catalog:managing-tools.md,not-started,no,ops-deferred,operators,deferred
managing/tools,cassandra/pages/managing/tools/sstable/sstableexpiredblockers.adoc,authored,trunk,cassandra-5.0,minor-update,unassigned,CASSANDRA-20448-sstableexpiredblockers.md;delta-catalog:managing-tools.md,not-started,no,ops-deferred,operators,deferred
managing/tools,cassandra/pages/managing/tools/sstable/sstablelevelreset.adoc,authored,trunk,cassandra-5.0,unchanged,unassigned,delta-catalog:managing-tools.md,not-started,no,,,
managing/tools,cassandra/pages/managing/tools/sstable/sstableloader.adoc,authored,trunk,cassandra-5.0,minor-update,unassigned,delta-catalog:managing-tools.md,not-started,no,ops-deferred,operators,deferred
managing/tools,cassandra/pages/managing/tools/sstable/sstablemetadata.adoc,authored,trunk,cassandra-5.0,unchanged,unassigned,delta-catalog:managing-tools.md,not-started,no,,,
managing/tools,cassandra/pages/managing/tools/sstable/sstableofflinerelevel.adoc,authored,trunk,cassandra-5.0,unchanged,unassigned,delta-catalog:managing-tools.md,not-started,no,,,
managing/tools,cassandra/pages/managing/tools/sstable/sstablepartitions.adoc,authored,trunk,cassandra-5.0,unchanged,unassigned,delta-catalog:managing-tools.md,not-started,no,,,
managing/tools,cassandra/pages/managing/tools/sstable/sstablerepairedset.adoc,authored,trunk,cassandra-5.0,unchanged,unassigned,delta-catalog:managing-tools.md,not-started,no,,,
managing/tools,cassandra/pages/managing/tools/sstable/sstablescrub.adoc,authored,trunk,cassandra-5.0,minor-update,unassigned,CASSANDRA-14227-ttl-2106.md;delta-catalog:managing-tools.md,not-started,no,ops-deferred,operators,deferred
managing/tools,cassandra/pages/managing/tools/sstable/sstablesplit.adoc,authored,trunk,cassandra-5.0,unchanged,unassigned,delta-catalog:managing-tools.md,not-started,no,,,
managing/tools,cassandra/pages/managing/tools/sstable/sstableupgrade.adoc,authored,trunk,cassandra-5.0,unchanged,unassigned,delta-catalog:managing-tools.md,not-started,no,,,
managing/tools,cassandra/pages/managing/tools/sstable/sstableutil.adoc,authored,trunk,cassandra-5.0,unchanged,unassigned,delta-catalog:managing-tools.md,not-started,no,,,
managing/tools,cassandra/pages/managing/tools/sstable/sstableverify.adoc,authored,trunk,cassandra-5.0,unchanged,unassigned,delta-catalog:managing-tools.md,not-started,no,,,
new,cassandra/pages/new/index.adoc,authored,trunk,cassandra-5.0,major-update,unassigned,delta-catalog:new.md,not-started,no,ops-standard,operators,standard
overview,cassandra/pages/overview/faq/index.adoc,authored,trunk,cassandra-5.0,unchanged,unassigned,delta-catalog:overview.md,not-started,no,,,
overview,cassandra/pages/overview/index.adoc,authored,trunk,cassandra-5.0,unchanged,unassigned,delta-catalog:overview.md,not-started,no,,,
overview,cassandra/pages/overview/terminology.adoc,authored,trunk,cassandra-5.0,unchanged,unassigned,delta-catalog:overview.md,not-started,no,,,
reference,cassandra/pages/reference/cql-commands/alter-table.adoc,authored,trunk,cassandra-5.0,unchanged,unassigned,delta-catalog:reference.md,not-started,no,,,
reference,cassandra/pages/reference/cql-commands/commands-toc.adoc,authored,trunk,cassandra-5.0,minor-update,unassigned,CASSANDRA-19417-list-superusers.md;delta-catalog:reference.md,not-started,no,ref-standard,reference,standard
reference,cassandra/pages/reference/cql-commands/compact-subproperties.adoc,authored,trunk,cassandra-5.0,minor-update,unassigned,CASSANDRA-18802-compaction-parallelization.md;delta-catalog:reference.md,not-started,no,ref-standard,reference,standard
reference,cassandra/pages/reference/cql-commands/create-custom-index.adoc,authored,trunk,cassandra-5.0,unchanged,unassigned,delta-catalog:reference.md,not-started,no,,,
reference,cassandra/pages/reference/cql-commands/create-index.adoc,authored,trunk,cassandra-5.0,unchanged,unassigned,delta-catalog:reference.md,not-started,no,,,
reference,cassandra/pages/reference/cql-commands/create-table-examples.adoc,authored,trunk,cassandra-5.0,unchanged,unassigned,delta-catalog:reference.md,not-started,no,,,
reference,cassandra/pages/reference/cql-commands/create-table.adoc,authored,trunk,cassandra-5.0,unchanged,unassigned,delta-catalog:reference.md,not-started,no,,,
reference,cassandra/pages/reference/cql-commands/drop-index.adoc,authored,trunk,cassandra-5.0,unchanged,unassigned,delta-catalog:reference.md,not-started,no,,,
reference,cassandra/pages/reference/cql-commands/drop-table.adoc,authored,trunk,cassandra-5.0,unchanged,unassigned,delta-catalog:reference.md,not-started,no,,,
reference,cassandra/pages/reference/cql-commands/list-superusers.adoc,authored,trunk,cassandra-5.0,new,unassigned,CASSANDRA-19417-list-superusers.md,not-started,yes,dev-release-critical,developers,release-critical
reference,cassandra/pages/reference/index.adoc,authored,trunk,cassandra-5.0,unchanged,unassigned,delta-catalog:reference.md,not-started,no,,,
reference,cassandra/pages/reference/java17.adoc,authored,trunk,cassandra-5.0,unchanged,unassigned,delta-catalog:reference.md,not-started,no,,,
reference,cassandra/pages/reference/native-protocol.adoc,generated,trunk,cassandra-5.0,generated-review,unassigned,delta-catalog:reference.md,not-started,regen-required,generated,reference,release-critical
reference,cassandra/pages/reference/sai-virtual-table-indexes.adoc,authored,trunk,cassandra-5.0,major-update,unassigned,delta-catalog:reference.md,not-started,no,ref-standard,reference,standard
reference,cassandra/pages/reference/static.adoc,authored,trunk,cassandra-5.0,unchanged,unassigned,delta-catalog:reference.md,not-started,no,,,
reference,cassandra/pages/reference/vector-data-type.adoc,authored,trunk,cassandra-5.0,unchanged,unassigned,delta-catalog:reference.md,not-started,no,,,
tooling,cassandra/pages/tooling/cassandra-stress.adoc,authored,trunk,cassandra-5.0,unchanged,unassigned,delta-catalog:tooling.md,not-started,no,,,
tooling,cassandra/pages/tooling/generate-tokens.adoc,authored,trunk,cassandra-5.0,unchanged,unassigned,delta-catalog:tooling.md,not-started,no,,,
tooling,cassandra/pages/tooling/hash-password.adoc,authored,trunk,cassandra-5.0,unchanged,unassigned,delta-catalog:tooling.md,not-started,no,,,
tooling,cassandra/pages/tooling/index.adoc,authored,trunk,cassandra-5.0,unchanged,unassigned,delta-catalog:tooling.md,not-started,no,,,
troubleshooting,cassandra/pages/troubleshooting/finding_nodes.adoc,authored,trunk,cassandra-5.0,unchanged,unassigned,delta-catalog:troubleshooting.md,not-started,no,,,
troubleshooting,cassandra/pages/troubleshooting/index.adoc,authored,trunk,cassandra-5.0,unchanged,unassigned,delta-catalog:troubleshooting.md,not-started,no,,,
troubleshooting,cassandra/pages/troubleshooting/reading_logs.adoc,authored,trunk,cassandra-5.0,unchanged,unassigned,delta-catalog:troubleshooting.md,not-started,no,,,
troubleshooting,cassandra/pages/troubleshooting/use_nodetool.adoc,authored,trunk,cassandra-5.0,minor-update,unassigned,CASSANDRA-19289-tpstats-verbose.md;CASSANDRA-19366-auth-mode-clients.md;CASSANDRA-19671-nodetool-stats-formatting.md;CASSANDRA-20104-nodetool-status-sorting.md;CASSANDRA-20151-listsnapshots-filtering.md;CASSANDRA-19581-cms-nodetool-commands.md;delta-catalog:troubleshooting.md,not-started,no,ops-standard,operators,standard
troubleshooting,cassandra/pages/troubleshooting/use_tools.adoc,authored,trunk,cassandra-5.0,unchanged,unassigned,delta-catalog:troubleshooting.md,not-started,no,,,
vector-search,cassandra/pages/vector-search/_create-vector-index-cycling.adoc,authored,trunk,cassandra-5.0,unchanged,unassigned,delta-catalog:vector-search.md,not-started,no,,,
vector-search,cassandra/pages/vector-search/_create-vector-keyspace-cycling.adoc,authored,trunk,cassandra-5.0,unchanged,unassigned,delta-catalog:vector-search.md,not-started,no,,,
vector-search,cassandra/pages/vector-search/_create-vector-table-cycling.adoc,authored,trunk,cassandra-5.0,unchanged,unassigned,delta-catalog:vector-search.md,not-started,no,,,
vector-search,cassandra/pages/vector-search/_load-vector-data-cycling.adoc,authored,trunk,cassandra-5.0,unchanged,unassigned,delta-catalog:vector-search.md,not-started,no,,,
vector-search,cassandra/pages/vector-search/_query-vector-data-cycling.adoc,authored,trunk,cassandra-5.0,unchanged,unassigned,delta-catalog:vector-search.md,not-started,no,,,
vector-search,cassandra/pages/vector-search/_use-vector-keyspace-cycling.adoc,authored,trunk,cassandra-5.0,unchanged,unassigned,delta-catalog:vector-search.md,not-started,no,,,
vector-search,cassandra/pages/vector-search/concepts.adoc,authored,trunk,cassandra-5.0,unchanged,unassigned,delta-catalog:vector-search.md,not-started,no,,,
vector-search,cassandra/pages/vector-search/data-modeling.adoc,authored,trunk,cassandra-5.0,unchanged,unassigned,delta-catalog:vector-search.md,not-started,no,,,
vector-search,cassandra/pages/vector-search/overview.adoc,authored,trunk,cassandra-5.0,unchanged,unassigned,delta-catalog:vector-search.md,not-started,no,,,
vector-search,cassandra/pages/vector-search/quickstarts.adoc,authored,trunk,cassandra-5.0,unchanged,unassigned,delta-catalog:vector-search.md,not-started,no,,,
vector-search,cassandra/pages/vector-search/vector-search-working-with.adoc,authored,trunk,cassandra-5.0,unchanged,unassigned,delta-catalog:vector-search.md,not-started,no,,,
